Symbol,Price_Increase_Percentage,Screeners,Nr_Of_Spikes,MVP_Last_6Mo,RSI_3M,RSI_6M,Price_Tightness_1W,IBD_RSI,RSI_12M,Volume-Acceleration(%)
CNSWF,inf,5,,,87.27006648446431,87.27006648446431,100.0,72,91.5780436468372,
QBTS,2533.5776149233848,7,1,,88.50758180367119,88.50758180367119,19.592808038075095,99,88.50758180367119,210.57
FNCH,1340.9090909090908,5,,,72.34636871508378,93.11023622047244,2.654545454545456,96,96.6996699669967,
UPXI,1087.2698579694897,6,,,90.14880952380952,90.14880952380952,25.43171114599686,98,90.14880952380952,722.00
AONC,1074.2574257425742,5,,,86.31239935587762,91.19496855345913,32.546374367622256,98,91.19496855345913,
SEZL,1073.8260869565217,8,1,1,97.51945525291829,97.51945525291829,21.646047855396706,99,97.51945525291829,113.24
AMBR,1068.7499999999998,7,,1,75.6637168141593,82.04449152542374,18.43971631205674,98,97.8494623655914,82.43
PRCH,1061.9047619047617,7,1,,85.21256931608133,85.21256931608133,20.342034203420344,99,88.73873873873872,60.39
OKLO,1005.4205607476636,7,,1,90.99125364431488,90.99125364431488,23.24075651729426,99,90.99125364431488,135.20
AEVA,893.1818181818181,7,,1,97.07357859531773,97.07357859531773,24.027459954233407,99,97.07357859531773,312.76
MTEN,822.2222222222223,5,,,95.84120982986768,95.84120982986768,15.524268247499066,97,99.10714285714286,
QNTM,781.8111111111111,6,1,,83.80281690140846,94.7242206235012,16.230031948881795,98,94.7242206235012,
DAVE,698.9756269869305,8,1,1,99.58613554061044,99.58613554061044,12.962553605376009,99,99.58613554061044,64.31
LTBR,690.1785714285713,7,1,,85.70736434108525,85.70736434108525,18.231555810397555,99,89.10012674271229,113.74
NEON,689.4736842105264,6,1,,87.98283261802572,87.98283261802572,7.063197026022302,95,87.98283261802572,
ALMU,674.0,7,,1,95.26387009472258,95.26387009472258,27.286821705426362,99,96.27367135003054,715.40
SNWV,663.3735312306741,6,,,87.84829721362232,83.15018315018314,17.771883289124666,98,86.61367717006688,318.30
SPCB,643.1372549019608,5,,,88.47457627118645,88.47457627118645,28.977845930349854,98,88.47457627118645,
VRNA,624.6025104602511,5,,,93.70529327610869,93.70529327610869,5.924471647996316,98,93.70529327610869,
HSAI,586.9318181818181,6,,,76.57864523536165,76.57864523536165,12.280701754385964,98,92.67441860465117,188.61
PLTR,537.2114931700423,5,,,81.04257167680277,91.2712233347845,12.071259609698402,98,94.07582938388626,
NAGE,486.9848156182212,6,,,84.59259259259261,84.59259259259261,20.103473762010342,98,90.80459770114943,71.62
OPFI,482.2036124794746,6,,,89.74358974358974,94.04761904761904,13.83963791886393,97,94.04761904761904,77.12
HOOD,456.5092989985693,6,,,85.61983471074379,85.61983471074379,15.964010282776353,98,89.91756499682943,94.68
HIMS,441.7965850037119,7,1,,93.18971507991661,96.65871121718378,23.036960071248334,97,96.65871121718378,273.91
CNL,433.3333333333333,6,,,81.98433420365535,94.12955465587045,10.583333333333329,98,94.12955465587045,312.49
ROOT,432.13866039952995,5,,,73.90238466681522,90.70076877587226,17.012691181256102,97,94.19145921878162,
MSTR,430.2734375,5,,,98.17460317460323,98.17460317460323,7.723093290103601,96,98.17460317460323,
XYF,423.8095238095238,6,,,84.90813648293963,85.67901234567901,11.363636363636363,98,91.97530864197529,325.91
QURE,414.2091152815013,5,,,90.13732833957552,90.13732833957552,21.501706484641627,97,90.67865903515946,
ACHR,393.51201871942135,7,1,,81.50851581508513,81.50851581508513,20.779098364167652,97,88.06970509383378,99.26
SVT,386.02484472049696,6,,,99.19072025896955,99.19072025896955,0.8306709265175731,99,99.19072025896955,592.31
PVLA,372.09677419354836,6,,1,67.54596322941646,91.4002205071665,15.410323059784622,93,91.4002205071665,
JFIN,361.27750000000003,6,,,82.6985854189336,85.54216867469881,24.123764978781754,97,93.33333333333334,76.10
LEU,355.7296329453895,7,1,,91.06452572108236,91.06452572108236,19.28559735454932,98,96.67093469910371,93.52
FTK,337.20316622691297,7,2,,96.81668496158068,96.81668496158068,18.94990947495474,98,96.81668496158068,202.25
RNMBY,334.5149807178879,7,,1,82.70526213023527,95.44198895027627,8.59190988223246,98,95.44198895027627,166.02
HRTG,333.87622149837136,5,,,89.24731182795699,89.24731182795699,15.503875968992247,96,90.44401544401545,
GRPN,332.5161290322581,6,1,,95.54655870445347,95.54655870445347,12.350835322195715,98,95.54655870445347,
FNMAS,329.36288088642664,5,,,94.00749063670406,87.81725888324871,15.17781469301963,96,93.8095238095238,
BKTI,314.9957155098543,5,,,84.0670859538784,84.0670859538784,9.892241379310338,96,90.52808046940484,
XIACY,313.12499999999994,6,,,80.05159071367152,88.17934782608698,5.95408895265424,96,89.92974238875865,76.82
XPEV,311.51515151515156,6,1,,71.462829736211,80.41666666666669,7.205452775073031,93,82.1525885558583,
HNRG,305.54721096273744,7,2,,90.26217228464421,89.30921052631575,15.169162506932896,96,97.00748129675814,59.76
COE,304.5897079276773,7,1,1,94.9117341640706,94.9117341640706,31.935372980405635,97,96.06741573033709,
AGX,288.1630725641429,6,,,96.32010640656169,96.32010640656169,18.08596918085969,97,96.32010640656169,74.75
ORLA,283.6419753086419,6,,,87.41418764302058,87.41418764302058,13.917940466613038,97,87.82051282051285,90.89
AS,280.90999010880313,6,,,93.66120218579233,93.66120218579233,5.963541666666665,96,93.66120218579233,69.22
DUOL,275.68424681144427,7,1,1,98.24372056514915,98.24372056514915,10.136960947621688,96,98.24372056514915,
SKE,270.7317073170732,6,,,85.62231759656649,85.62231759656649,13.684210526315791,96,85.93155893536124,51.97
RBRK,263.44389555398726,5,,,96.76113360323886,96.76113360323886,10.330097087378642,97,96.76113360323886,
PPTA,258.48303393213575,7,1,,89.8243045387994,89.8243045387994,21.54788418708241,96,89.8243045387994,167.16
ADPT,255.51839464882943,6,1,,74.90039840637449,74.90039840637449,12.3236124176858,96,83.0860534124629,
CVNA,251.2543728135932,5,,,84.70037453183522,92.39750203638339,9.965000142275839,97,92.39750203638339,
GHRS,241.66666666666666,5,,,78.25059101654847,95.64393939393939,21.714285714285708,89,95.64393939393939,
EAT,241.60298560511814,5,,,79.80270857716097,89.35694909845222,5.834410657073799,94,89.42678942678945,
UI,237.9692219185963,7,1,1,100.0,100.0,7.047614487827064,95,100.0,
GEV,233.79108059462706,5,,,87.88965087281794,95.69052419354838,5.63788145071098,96,96.66941467436112,
LFMD,232.08020050125313,7,,1,96.29629629629626,96.29629629629626,11.77358490566038,97,96.29629629629626,135.78
CRK,223.64341085271323,5,,,88.0851063829787,88.0851063829787,6.826347305389224,95,91.85750636132319,
BROS,222.25519287833825,5,,,77.5519421860885,84.7528290649196,11.787365177195678,93,90.63063063063069,
FARO,215.38461538461542,6,,,95.88150289017341,95.88150289017341,0.7513500821789159,96,95.88150289017341,374.30
SE,213.9090909090909,5,,,87.22997514815522,91.63987138263666,7.158992180712431,94,93.81598793363494,
CYD,209.97624703087885,6,,,81.81818181818178,96.61368348306843,13.60123647604328,93,96.61368348306843,116.55
SSRM,208.56481481481478,5,,,82.08955223880601,85.15624999999999,12.45311327831958,96,87.46081504702195,
TGTX,206.59630606860156,5,,,84.49999999999999,84.49999999999999,16.27226152720176,91,86.55462184873949,
USAU,205.52016985138005,6,,,85.58225508317929,85.58225508317929,17.09520500347464,96,85.58225508317929,187.03
PRPO,201.53846153846155,6,1,,87.18446601941747,87.18446601941747,18.622448979591834,95,87.18446601941747,
OPOF,198.39416058394164,6,1,,94.91298527443102,94.91298527443102,4.074534161490685,95,94.91298527443102,
MP,196.60678642714572,6,,,70.64102564102565,84.04825737265415,30.808950086058516,91,91.81184668989546,155.20
GBFH,195.62982005141387,7,,1,88.80407124681935,88.80407124681935,4.499999999999993,94,96.0365853658538,187.43
BNTC,194.32253570184602,5,,,84.21052631578947,84.21052631578947,10.03294399520815,94,84.21052631578947,
AXON,189.097555730772,6,1,,88.86110242784203,91.73725294801525,7.914311216899736,95,92.89894654701524,
LMB,186.5476437616774,5,,,95.89228662711092,95.89228662711092,7.107150619430561,96,95.89228662711092,
DCTH,183.9563862928349,5,,,84.67836257309938,84.67836257309938,9.447004608294925,93,92.1241050119332,
TPC,183.44827586206898,7,,1,97.01219512195122,97.01219512195122,11.192214111922144,94,97.01219512195122,76.14
RDUS,181.1731315042573,6,,,97.89343246592315,97.89343246592315,0.6056527590847904,96,97.89343246592315,188.39
GRND,180.78212290502796,6,,,95.01779359430608,95.01779359430608,9.709510545165132,95,95.01779359430608,120.63
CDTX,180.27613412228797,6,,,80.02350176263221,95.1515151515151,17.07882534775888,92,95.1515151515151,124.59
RBLX,179.80238302818952,5,,,97.03745108999445,97.03745108999445,9.472372247611139,96,97.03745108999445,
CMP,179.2276964047936,7,1,1,94.89559164733177,94.89559164733177,9.489747257987595,95,94.89559164733177,
TLN,179.07614213197968,5,,,79.80754544065985,87.55704289625798,12.36494597839135,94,88.92925099463764,
AKRO,177.83063748810656,6,1,,92.40097008892484,94.16186419443748,14.771333450148937,95,94.16186419443748,
CCRD,175.88591184096802,6,,1,92.99820466786355,92.99820466786355,18.60902255639098,95,93.65853658536582,
QFIN,169.93932708218423,5,,,78.59806114839674,78.59806114839674,7.676348547717854,91,96.17151607963241,
CRS,169.5387201849322,5,,,88.34367726920094,88.34367726920094,9.164977389677215,94,88.34367726920094,
STRT,169.35866983372924,6,,,87.37044145873318,87.37044145873318,7.41787354291769,91,87.37044145873318,93.08
ATEC,169.15983606557376,5,,,82.10227272727275,89.8026315789474,11.318427139552814,87,94.62809917355372,
UTI,165.88579795021963,6,,,95.45454545454547,95.45454545454547,11.150979850952249,93,95.45454545454547,80.45
TPB,165.14211042143089,7,1,,94.15270018621973,94.15270018621973,9.881715130606207,93,94.15270018621973,57.58
IRTC,164.5922746781116,7,1,1,98.55828983345765,98.55828983345765,6.609894566098946,94,98.55828983345765,
GH,162.76067527308837,5,,,75.34097108565193,92.95573536411231,21.46814404432133,92,92.95573536411231,
NET,162.50360958706324,5,,,93.7812567949554,93.7812567949554,10.747483636763649,96,93.7812567949554,
TPR,157.87680953732615,5,,,99.11406423034325,99.11406423034325,3.910056214865704,90,99.11406423034325,
CPS,157.76277724204436,7,2,,93.9180537772087,93.9180537772087,13.399396811719082,93,93.9180537772087,115.48
FRHC,157.3734001112966,6,,1,97.65513974419704,97.65513974419704,9.548780487804876,90,97.65513974419704,
SRAD,157.2139303482587,7,,1,74.24749163879594,92.9611650485437,5.616161616161619,94,93.42948717948718,221.56
APEI,156.94915254237287,6,,,81.65024630541872,81.65024630541872,13.027704485488123,89,96.56357388316158,72.38
ADMA,154.78908188585612,5,,,72.90886392009988,76.2970498474059,8.516612072999532,88,87.60593220338984,
ARQT,153.93419170243203,5,,,83.0423940149626,83.0423940149626,12.188552188552192,82,87.02064896755164,
CTRN,153.69963369963372,6,1,,84.30286241920595,84.30286241920595,24.689575512561373,94,93.7743190661478,
FUTU,152.66409266409266,5,,,81.15866388308977,81.15866388308977,11.589635854341733,86,95.90719499478624,
BTSG,151.92118226600982,6,,1,93.68932038834951,93.68932038834951,9.659757528353536,93,93.68932038834951,
AHR,151.39664804469274,5,,,85.80990629183401,85.80990629183401,5.47222222222222,92,95.87628865979379,
NRG,149.31654123790508,6,1,,97.53086419753086,97.53086419753086,4.96519435717366,95,97.53086419753086,
SPOT,149.19984725934668,5,,,76.81311655096825,97.11972891566263,8.501539275913462,94,97.11972891566263,
LOMA,149.03339191564146,5,,,84.49999999999994,84.49999999999994,7.261247040252565,86,91.51291512915128,
ZLAB,148.40724547158027,5,,,75.09481668773704,86.01769911504425,23.901170351105332,91,86.48111332007959,
RDVT,147.93789422610385,7,1,,88.88162197514717,88.88162197514717,10.362587556654308,91,88.88162197514717,141.80
ESLT,146.9594980034227,7,,1,75.88630806845964,94.0682414698163,5.751640025870838,94,94.0682414698163,240.80
ANGO,146.800731261426,6,1,,73.95498392282957,81.69934640522877,20.945945945945947,91,87.61904761904762,
DOMO,146.75540765391014,7,1,,91.87499999999999,97.01492537313433,15.509103169251523,95,97.01492537313433,53.45
CHWY,146.1772151898734,5,,,91.44811858608894,91.44811858608894,6.005758946935407,93,91.44811858608894,
KARO,145.58139534883722,6,1,,88.94028595458367,88.94028595458367,14.551767676767675,92,88.94028595458367,
SFM,145.48152144591313,5,,,92.47774025176538,93.93848910122425,11.142857142857142,91,94.853875476493,
NCSM,144.96855345911953,5,,,84.39661798616449,84.39661798616449,8.05778491171749,88,93.47290640394091,
LLYVA,144.71419791026426,5,,,84.48519040902679,94.65290806754214,7.196029776674926,91,98.2285208148804,
CRWD,144.60933220457147,5,,,78.32336643441049,88.4732492387995,9.352605863192181,91,88.4732492387995,
LLYVK,143.7611940298507,5,,,82.21771467207574,95.0,7.687379884689302,91,96.83293745051466,
FEIM,143.61948955916475,6,,,78.45220030349014,90.90909090909093,10.00996015936254,90,91.83673469387752,123.99
ODD,142.09721797615407,8,1,1,98.77634262406531,98.77634262406531,12.324788483394357,95,98.77634262406531,83.03
LINC,140.55666003976143,6,,,90.67641681901283,90.67641681901283,11.644407345575956,93,90.67641681901283,100.76
BYDDF,140.55533828705512,6,,,84.1626213592233,86.22641509433961,8.800300864986836,90,91.82879377431907,66.61
CAR,140.5330372015547,7,1,,95.44666088464881,95.44666088464881,15.41243459526008,92,95.44666088464881,91.76
CCB,139.7983114446529,6,1,,71.84834123222748,84.57807953443256,5.113890129522106,90,91.06830122591944,
ATRO,138.85350318471333,7,1,,91.68157423971378,91.68157423971378,7.999999999999997,93,91.68157423971378,94.19
PAY,138.72491145218416,6,,,92.50749250749251,92.50749250749251,12.668665667166417,91,92.50749250749251,93.88
PBI,138.3116883116883,5,,,87.30964467005069,87.30964467005069,6.086142322097382,90,88.99676375404529,
TGI,135.78564940962764,5,,,92.52336448598116,97.66081871345034,0.77041602465331,90,97.66081871345034,
LQDA,134.98789346246974,6,,,81.05515587529975,88.43813387423934,14.247311827956999,92,88.43813387423934,75.57
CXW,132.68156424581002,5,,,83.21428571428567,83.21428571428567,8.609271523178805,86,87.70491803278688,
KTOS,131.53992183137913,5,,,81.12189859762677,87.87593984962405,10.052859016899463,93,87.87593984962405,
DAN,131.39841688654352,6,,1,95.60878243512973,95.60878243512973,8.095781071835793,88,96.18181818181817,
HWM,130.70415202394898,5,,,99.7639034627492,99.7639034627492,4.135401974612137,93,99.7639034627492,
VEON,130.34373765310153,6,,,78.35717581910475,85.61983471074383,11.530668631423833,91,88.56015779092705,153.55
TDS,130.22346368715085,5,,,91.33034379671162,91.33034379671162,7.346037006351846,84,91.33034379671162,
NTGR,128.788977519942,5,,,84.93273542600895,84.93273542600895,6.850649350649348,93,85.63535911602209,
EXEL,128.6985018726592,6,1,,81.96248196248203,85.11693834160172,4.061145334245953,89,90.79089924160348,
PLMR,127.57862042189726,6,,,85.27883616210597,85.27883616210597,12.755189081603643,92,87.78398510242081,87.32
EYE,127.30125523012552,7,,1,99.86301369863011,99.86301369863011,9.479981592268746,95,99.86301369863011,98.67
NYAX,127.1294928606598,6,,,81.54803040774016,90.10989010989013,4.617385649252119,93,90.10989010989013,120.33
TTMI,126.94990488268864,6,1,,94.50457951706908,94.50457951706908,17.658563844649343,94,94.50457951706908,
MIR,126.67398463227222,7,1,,90.93264248704672,90.93264248704672,8.958837772397086,94,90.93264248704672,53.67
CIXXF,125.46523016650339,5,,,92.79279279279264,92.79279279279264,0.4778453518679384,90,98.91304347826083,
ATROB,125.43741588156125,7,1,,94.11764705882364,99.83766233766237,11.134328358208956,93,99.83766233766237,72.63
ATGE,125.0200738718484,6,1,,91.95947402457428,91.95947402457428,11.309391032790547,92,91.95947402457428,
ERJ,124.2868462757528,6,,1,82.22923238696112,87.49181401440735,5.981155264235973,83,95.31680440771345,
URBN,123.86296515062018,5,,,86.88266750550488,86.88266750550488,7.817149039761971,92,86.88266750550488,
STRL,123.28342245989306,5,,,92.46257098606092,92.46257098606092,11.835991761268385,94,99.2467043314501,
MLYS,123.05825242718444,6,,,74.34094903339192,83.68734069668649,7.121119902617163,80,83.68734069668649,107.66
DASH,122.39226741844544,5,,,84.69292076887008,95.51920341394029,6.00778703368344,91,95.51920341394029,
KGC,121.66666666666669,5,,,88.23529411764703,87.54863813229571,6.829573934837102,93,88.43930635838153,
ACMR,120.90843547224227,5,,,71.24010554089712,88.55421686746989,13.130128956623679,80,88.55421686746989,
TGLS,120.66438690766978,5,,,82.56062767475035,82.56062767475035,8.058445871153422,90,93.91468005018821,
LKNCY,120.0810185185185,5,,,72.38700564971751,86.75721561969443,11.503195332036679,93,91.40154772141015,
SWTX,119.78021978021978,6,,,96.27766599597588,96.27766599597588,0.46968403074296744,65,96.27766599597588,425.89
SLNO,119.30679664229622,5,,,91.54681538009979,91.54681538009979,7.387661843107398,94,91.54681538009979,
AU,117.35201084500679,5,,,80.08255933952528,93.3734939759036,5.6964656964657,94,93.80281690140848,
CFSB,117.35015772870663,6,,,97.25806451612901,97.25806451612901,0.7299270072992675,96,97.25806451612901,336.53
AXSM,117.01762595538916,5,,,92.25674987264387,92.25674987264387,7.007943512797881,72,92.25674987264387,
ROAD,116.8894053844664,5,,,91.18942731277536,91.18942731277536,8.796213609573144,92,91.18942731277536,
NFLX,115.11481330062688,5,,,94.52336448598132,94.52336448598132,5.27078499536747,93,94.52336448598132,
REVG,114.02042711234914,5,,,96.19289340101518,96.19289340101518,20.911062906724514,93,96.19289340101518,
TOST,113.69606003752347,5,,,84.3609022556391,84.3609022556391,9.084880636604773,91,93.54838709677418,
GOGO,113.29357039822364,7,1,,92.30769230769232,92.30769230769232,12.866242038216566,92,92.30769230769232,97.00
SSYS,112.89256198347108,6,1,,86.9706840390879,86.9706840390879,7.813953488372091,82,88.04780876494024,
DB,112.18978102189783,5,,,89.24122310305776,89.91097922848647,3.6344389555398773,91,89.91097922848647,
IBEX,111.74917491749174,7,1,,89.2528147389969,89.2528147389969,5.7161847789963405,91,89.2528147389969,55.14
HCI,110.9038737446198,5,,,84.44681988241584,84.44681988241584,7.485916719902426,90,84.44681988241584,
LBRDK,110.61158363710003,5,,,90.61012548680225,90.61012548680225,3.9924154640261307,87,90.61012548680225,
FTNT,110.40864944108483,5,,,73.86822052891084,88.60182370820668,5.085551330798487,83,90.30378693300042,
SNEX,109.28279129872926,6,,,86.72340425531914,86.72340425531914,4.580509464828233,89,86.72340425531914,102.20
SSTI,108.4763948497854,5,,,71.8963165075034,74.55012853470437,8.207604103802048,74,79.0492957746479,
LPLA,108.46733265665902,5,,,95.01352463836298,95.01352463836298,4.489911177286031,88,95.01352463836298,
YMM,107.95795795795794,5,,,84.0625,84.0625,8.025682182985554,85,90.10526315789473,
ESQ,107.67849124382577,6,,,88.31282952548331,88.31282952548331,4.536532170119952,90,88.31282952548331,62.40
BABA,106.72701949860726,6,,1,78.5810810810811,91.79229480737018,6.966273739358211,83,91.79229480737018,
AVGO,106.5603112840467,5,,,92.56249041558044,92.56249041558044,9.162491052254829,91,92.56249041558044,
AGI,106.52898067954698,5,,,84.14179104477614,82.3399558498896,5.686695278969956,88,86.04651162790698,
VIRT,106.4844835572024,5,,,79.97997997997999,82.4884792626728,6.098718557190319,87,87.43343982960597,
LBRDA,106.12039460438896,5,,,91.61836825679895,91.61836825679895,3.816712736551141,87,91.61836825679895,
IDT,105.88061465721039,6,1,,96.88212927756656,96.88212927756656,17.970432036744658,90,96.88212927756656,
MRCY,105.21344918775975,5,,,89.13250714966634,89.20454545454547,9.075846833578792,90,89.20454545454547,
ODC,104.68272819816764,6,1,,92.4129353233831,92.4129353233831,18.302387267904507,92,92.4129353233831,
NXT,104.30003233107014,6,1,,84.2627960275019,84.2627960275019,10.383597883597874,90,84.2627960275019,
ONC,103.72231264595568,5,,,90.33684210526314,97.54929058411648,11.153888868322657,86,97.54929058411648,
GFI,103.08166409861323,5,,,83.33333333333333,89.21052631578947,9.825493171471928,92,94.33962264150944,
BZ,103.02743614001892,5,,,85.02673796791441,86.44578313253014,11.13456464379947,78,86.44578313253014,
IDCC,102.73553574549904,5,,,93.34269662921348,93.34269662921348,7.471439120802753,89,93.34269662921348,
GWRE,102.61739799846035,5,,,98.15317762085836,98.15317762085836,20.65349544072948,93,98.15317762085836,
X,101.56075808249723,6,1,,89.95713410900183,89.95713410900183,2.8761061946902697,92,89.95713410900183,
TYIDY,101.4287862836517,5,,,92.93048308365597,92.93048308365597,16.951681395615736,89,92.93048308365597,
SNOW,100.53206384766173,6,1,,97.36780258519394,97.36780258519394,4.850346785830665,91,97.36780258519394,
TME,100.0,6,1,,87.42393509127784,87.42393509127784,9.45802337938364,91,87.42393509127784,
DRS,99.9560052793665,5,,,86.68032786885249,86.68032786885249,5.874587458745878,92,86.68032786885249,
ZS,99.92179863147605,6,1,,98.95470383275263,98.95470383275263,9.919160310320084,93,98.95470383275263,
AEM,99.84234589311053,5,,,84.8837209302326,87.28557013118063,8.045795499407827,90,88.6151797603196,
ALNT,98.93554109994086,5,,,90.7488986784141,90.7488986784141,10.820451843043996,90,95.11904761904762,
ESP,98.82926829268291,6,,,88.00792864222004,88.00792864222004,11.261040235525016,94,88.00792864222004,104.36
RIVN,98.52631578947367,5,,,79.81818181818183,79.81818181818183,7.288828337874661,82,89.81818181818181,
JOYY,98.38593974175038,5,,,81.33561643835604,81.33561643835604,4.320358671285913,84,90.08363201911587,
HKXCY,97.03703703703704,5,,,86.72680412371132,86.72680412371132,5.60902255639098,90,94.68037550290566,
FROG,96.85726756874728,6,1,,95.50359712230215,95.50359712230215,7.694013303769398,87,95.50359712230215,
KFS,96.03399433427762,5,,,94.75982532751095,94.75982532751095,10.043352601156073,94,94.75982532751095,
BAESY,95.44402918668801,6,,,91.87558031569174,91.87558031569174,5.982516845747581,90,91.87558031569174,88.70
NTDOY,95.39823008849555,5,,,89.88095238095241,89.88095238095241,4.828879512423805,89,93.64261168384884,
SKWD,94.64392579293835,6,1,,88.0918220946916,91.32507149666347,9.853958493466559,88,95.71810883140056,
PLYA,94.22446043165466,5,,,81.81818181818211,86.20689655172418,0.3600373372053429,87,86.20689655172418,
LOAR,93.53398058252428,6,,,82.13533130414422,82.13533130414422,5.855905252768948,86,82.13533130414422,127.92
MAG,93.3569530558016,6,,,91.93154034229825,91.93154034229825,12.96381126889601,93,91.93154034229825,133.19
NTNX,92.29527104959631,6,1,,99.02464065708413,99.02464065708413,5.0460451621042015,80,99.02464065708413,
PAYC,91.9426523297491,5,,,93.71268656716417,93.71268656716417,5.531072602330446,89,94.60704607046068,
GILD,91.3848117421825,5,,,74.51612903225804,88.59616108392923,6.897463002114164,84,88.59616108392923,
GME,91.19060331019755,6,1,,88.5640584694755,88.5640584694755,5.861513687600644,82,88.5640584694755,
EQT,91.10592938041306,5,,,81.11285266457678,89.5869191049914,4.5112781954887184,86,89.65517241379311,
BCRX,91.0472972972973,7,1,,91.82389937106919,91.82389937106919,7.073386383731217,92,91.82389937106919,76.47
PODD,90.36416184971098,6,1,,88.24008138351982,88.24008138351982,7.039095850864535,88,93.83651944627553,
TITN,90.32520325203251,5,,,84.48023426061495,86.81159420289856,8.27482447342027,85,86.81159420289856,
IMAX,90.22757697456495,5,,,89.43298969072164,98.97172236503859,5.2427867698803725,82,98.97172236503859,
VSEC,90.17175572519082,5,,,79.55776173285199,80.82127858142795,4.682175137057337,86,87.39144419427471,
FFIV,90.07712394485942,5,,,78.4546805349182,87.87538140356511,5.693602693602702,87,90.21630615640599,
LI,89.90825688073392,5,,,88.26815642458102,88.26815642458102,9.492635024549925,87,88.26815642458102,
PHAR,89.62406015037591,5,,,85.20408163265303,85.20408163265303,17.525773195876283,92,85.20408163265303,
MYTAY,89.35698447893571,5,,,93.29545454545452,93.29545454545452,3.3957845433255307,92,93.29545454545452,
ULS,89.16601714731098,6,,1,95.56962025316463,95.56962025316463,5.4132631870414105,91,95.56962025316463,
ITRN,88.34991708126036,5,,,81.19402985074622,83.58208955223883,6.58061250316376,79,90.0,
IPI,88.0453121234032,7,1,,86.84210526315793,86.84210526315793,4.318067490818863,90,86.84210526315793,75.02
MDWD,87.79342723004696,5,,,78.23042647994905,78.23042647994905,5.39880026660742,83,78.23042647994905,
EVRI,87.76455026455028,6,1,,90.24390243902386,90.24390243902386,0.6692497358224773,81,96.90265486725659,
CGNT,87.76167471819646,5,,,85.71428571428578,85.71428571428578,8.833619210977696,89,86.56126482213436,
GBNY,87.16683119447185,5,,,81.73515981735164,81.73515981735164,3.6210018105009034,84,92.59259259259258,
JBL,87.15567612687812,6,,1,96.35890767230167,98.59783301465903,8.189775324747727,90,98.59783301465903,
SENEA,86.88936088047888,5,,,73.35473515248796,80.16759776536311,7.015187519371842,85,80.16759776536311,
CHEF,86.87833661140769,5,,,92.09237228831353,92.09237228831353,8.617567159674023,89,92.09237228831353,
NWG,86.66666666666669,6,,,92.77777777777774,92.77777777777774,2.4725274725274806,90,92.77777777777774,99.41
PM,85.92944506216516,5,,,92.10167952791656,92.10167952791656,3.0770903555507214,89,99.78835978835983,
MTZ,85.58248110271232,5,,,99.74153528043419,99.74153528043419,7.624242424242432,90,99.74153528043419,
RL,85.51551679917925,5,,,93.89757743023614,93.89757743023614,5.570254347902783,87,93.89757743023614,
ESE,85.11981066955921,5,,,84.05345211581287,86.63656884875839,5.246897139508866,89,94.66248037676614,
BBIO,84.32007400555041,5,,,81.61993769470406,86.65594855305466,14.353826850690085,86,88.66930171277998,
ONIT,84.24107142857146,6,,,91.25364431486882,91.25364431486882,4.40251572327044,86,96.23529411764713,60.20
WPM,83.27559661277907,5,,,88.93148059415428,88.93148059415428,8.222198886905385,90,88.93148059415428,
CYBR,83.04347826086956,5,,,83.34525683216485,87.81011916389929,6.132841328413286,89,89.13575214023629,
ADYEY,82.93135435992579,5,,,80.76923076923079,80.76923076923079,6.135902636916822,85,92.84009546539377,
OR,82.53968253968256,5,,,85.74610244988864,84.89326765188832,6.9927536231884035,91,91.33574007220211,
CIHKY,82.25274725274727,5,,,91.32602193419743,91.32602193419743,7.450381679389317,87,92.07360226468506,
TFPM,81.92252510760402,6,,,91.09589041095886,91.09589041095886,11.632492113564666,91,91.09589041095886,96.59
LYV,81.71869600276466,5,,,83.67003367003369,94.77054429028807,7.4341021416804045,85,94.77054429028807,
OSIS,81.59931877999689,5,,,89.3073864825277,90.00706214689262,6.123161524025663,89,97.06422018348621,
FOX,80.26876433956079,5,,,84.77508650519025,86.5136298421808,4.074868395398706,79,93.59999999999962,
CPRX,80.20338983050847,5,,,81.447963800905,79.64601769911508,8.126410835214434,86,86.10421836228284,
RYTM,79.66580976863754,5,,,79.87913259864912,80.36303630363037,13.006152525397058,89,83.71361132966169,
FOXA,79.30402930402933,5,,,85.45258620689656,88.84565499351493,4.27502671891699,81,91.23376623376635,
BCS,79.2527040314651,5,,,84.39999999999998,84.39999999999998,3.2912781130005566,89,90.54726368159206,
CW,79.01487347884874,6,,1,98.45367252774659,98.45367252774659,6.0490310328456065,91,98.45367252774659,
SLM,78.18463125322329,5,,,90.94292803970222,90.94292803970222,3.8578371810449665,85,90.94292803970222,
OMAB,78.08056872037913,5,,,89.10025706940871,89.10025706940871,6.795931945632537,91,89.10025706940871,
COOP,78.04347826086955,6,,,88.83169203222917,88.83169203222917,10.615528262587077,89,88.83169203222917,60.15
TTWO,78.03904170363796,5,,,79.3623520427644,79.3623520427644,5.2106004352835775,85,90.18663455749537,
TKO,77.73918221516473,6,,1,81.86619718309858,90.81632653061224,7.982352941176467,85,90.81632653061224,
NRIM,77.447216890595,6,,,90.05780346820816,90.05780346820816,4.567255286679745,86,90.05780346820816,117.63
BKNG,77.34905660377358,5,,,82.95939449941338,82.95939449941338,3.104065819103844,85,94.36659239085574,
CAKE,76.53731343283582,5,,,74.21428571428567,82.39316239316238,8.234697328373347,86,82.39316239316238,
CIVB,76.47058823529413,5,,,96.530612244898,96.530612244898,5.918727915194346,81,96.530612244898,
CBNK,76.40102827763498,6,,,88.09182209469151,88.09182209469151,4.5567265964042125,83,92.1917808219178,109.18
CSV,75.77399380804954,5,,,81.06060606060595,81.06060606060595,5.284015852047553,84,97.21311475409834,
UFCS,75.72062084257206,5,,,81.59203980099505,80.39215686274514,3.525305410122157,74,91.8918918918919,
BPMC,75.5750273822563,6,,,91.63750874737579,91.63750874737579,0.6316281971303823,88,91.63750874737579,336.00
LFCBY,75.43731778425655,5,,,94.40000000000006,94.40000000000006,13.318584070796465,84,96.18320610687019,
UNM,74.61761058288549,5,,,72.37215909090908,78.2719186785261,5.248585530275671,82,88.72950819672128,
MIELY,74.2777997625643,5,,,78.3171521035599,83.14950980392156,6.405776846028418,80,87.09198813056375,
AR,73.76681614349775,5,,,82.60869565217394,90.52987598647121,6.751963516594881,82,90.52987598647121,
EXE,73.66898148148148,5,,,87.12697483908717,88.22544642857143,4.53182272575809,85,89.72005507113352,
LAUR,73.6029411764706,5,,,91.5520628683693,91.5520628683693,8.079930495221545,84,91.5520628683693,
MGIC,73.50157728706625,5,,,80.10899182561306,80.10899182561306,5.231143552311442,89,80.10899182561306,
CAE,73.16614420062697,5,,,90.95607235142131,90.95607235142131,5.927552140504931,84,95.42372881355938,
XNGSY,73.10252996005325,5,,,69.8370993168681,81.30148270181222,10.038045068773787,75,81.65680473372782,
GT,73.03988995873453,5,,,81.67330677290835,81.67330677290835,12.520868113522537,79,81.67330677290835,
CCEC,72.67565649396734,5,,,83.46368715083801,83.46368715083801,9.356223175965663,77,83.46368715083801,
UVE,72.66666666666666,5,,,84.66257668711651,84.66257668711651,7.757107757107748,86,90.43062200956948,
GTX,72.46790299572041,7,,1,97.67441860465115,97.67441860465115,4.928909952606648,76,97.67441860465115,96.01
TIPT,72.43589743589743,5,,,69.18429003021151,79.65517241379314,5.448997384481255,68,85.2348993288591,
IFS,72.42990654205607,6,,,87.9275653923542,96.75174013921112,5.119735755573904,86,96.75174013921112,83.36
NTES,72.31377719182596,6,1,,87.01234567901236,87.01234567901236,6.449885233358832,89,94.77513227513236,
CLBR,72.1182266009852,7,1,,95.83333333333336,95.83333333333336,22.32398397252432,90,98.6577181208054,415.55
DGICB,72.09302325581395,5,,,95.48022598870047,100.0,6.562847608453835,84,100.0,
DRVN,72.05882352941174,6,1,,83.68794326241141,82.80701754385967,9.135135135135142,83,86.28048780487802,
ANPDY,71.96850393700788,5,,,88.8827926753995,88.8827926753995,4.382789222439371,73,88.8827926753995,
MUFG,71.77142857142856,6,,,88.70967741935496,88.70967741935496,2.560455192034148,78,95.12195121951221,86.99
SDGR,71.50602409638552,6,1,,80.91042584434655,81.41361256544502,17.42512640995722,80,81.41361256544502,
APH,71.44422128902684,5,,,93.53187529083289,93.53187529083289,5.463258785942502,90,93.53187529083289,
GE,71.4181091877497,5,,,99.04144347335776,99.04144347335776,5.161766419388674,90,99.04144347335776,
SIBN,71.36752136752138,6,,1,92.55617977528088,92.55617977528088,4.966373512674585,84,96.79245283018868,
KEP,71.25748502994011,7,1,,88.26291079812206,88.26291079812206,6.381118881118869,91,88.26291079812206,114.25
PRDO,71.03311913000495,6,1,,89.10550458715596,89.10550458715596,9.913294797687861,87,98.434004474273,
CSGS,70.9228824273072,6,,1,86.26168224299067,95.3846153846154,8.330867120449831,83,95.3846153846154,
NPSNY,70.91666666666667,5,,,84.96732026143788,89.43472409152086,6.435884934178452,88,89.43472409152086,
TIGO,70.42939353696326,6,,,90.67894131185272,90.67894131185272,5.98582305066947,88,90.67894131185272,199.52
CVLT,70.33220820749688,6,,1,80.71698953462484,94.04494382022472,5.407801418439719,87,94.04494382022472,
MT,70.07797270955164,5,,,80.22922636103152,81.86915887850463,3.626943005181339,74,85.62401263823065,
MELI,70.05677419354839,5,,,86.55445188547802,86.55445188547802,8.136782580237616,86,88.70333230484417,
SONY,69.92433795712485,6,,,89.51841359773377,86.97829716193655,2.561247216035639,86,94.85094850948506,79.93
BH,69.92297576554576,6,,,74.3452791178498,78.62756952841593,9.568265682656829,87,84.6300798888503,417.92
FMS,69.88287785833799,5,,,87.93650793650797,92.05298013245039,2.387543252595148,85,92.05298013245039,
CCHGY,69.77099236641222,6,1,,87.20568636161707,87.20568636161707,2.714258876573349,87,87.20568636161707,
BA,69.7703289882061,5,,,96.03681922781888,97.78046811945124,4.981718464351008,88,98.02796701326646,
BBVA,69.66413867822318,5,,,97.4619289340102,97.4619289340102,2.692055154300723,87,97.4619289340102,
CAH,69.38928839755285,5,,,87.10618436406052,86.87635574837293,3.7827905208465338,87,87.98037612428465,
UBOH,68.93732970027247,5,,,88.26086956521728,98.09885931558932,1.9963702359346667,81,98.12265331664578,
SGAPY,68.76277057223092,6,,,76.02339181286546,91.09848484848487,7.704758821625118,86,97.23076923076924,51.23
BASE,68.67658574784652,5,,,84.09090909090911,84.09090909090911,13.863863863863862,79,91.9463087248322,
FRFHF,68.63680623174295,5,,,87.83753222669498,87.83753222669498,2.9052941176470646,85,90.06816517379298,
MOS,68.55992844364937,5,,,97.7203647416413,97.7203647416413,9.816927566993886,86,97.7203647416413,
PERI,68.4903502501787,5,,,83.28981723237597,83.28981723237597,10.036832412523019,74,83.28981723237597,
BOTJ,68.14595660749507,5,,,80.33333333333334,78.68338557993731,3.4482758620689653,69,90.09900990099013,
NATH,67.9879427279578,6,,,81.29890453834109,87.05293276108729,7.949040014354926,87,87.05293276108729,237.63
TCEHY,67.90697674418605,5,,,78.4041630529055,88.32199546485259,4.4665761279613605,80,88.32199546485259,
SENEB,67.74308652988404,5,,,99.40711462450591,100.0,2.3917748917749,83,100.0,
VRSN,67.51695750478287,5,,,87.08586883029068,96.72645739910318,5.432384154670586,89,96.72645739910318,
SAP,67.06008583690985,5,,,84.34456928838952,88.93442622950812,3.6737315350032107,87,88.93442622950812,
PUK,66.78248783877693,5,,,86.77248677248684,81.97115384615384,5.3749999999999964,86,88.51063829787248,
SPNT,66.69463087248323,5,,,99.71098265895954,99.71098265895954,5.175038051750378,88,99.71098265895954,
T,66.6475315729047,5,,,89.88439306358387,96.4630225080386,3.23498044792037,81,96.4630225080386,
ISBA,66.49572649572649,5,,,88.8349514563108,88.8349514563108,7.597535934291577,87,100.0,
DSDVY,66.27937856858318,5,,,88.17802503477054,88.17802503477054,7.023357955679767,86,88.17802503477054,
ACNT,66.17647058823529,6,,,83.75634517766497,84.52830188679249,5.088495575221248,80,93.5691318327974,268.66
PAAS,66.06942889137738,6,,,93.13304721030042,93.13304721030042,16.048550236008097,88,93.13304721030042,50.75
UGI,66.06088141753746,5,,,93.31103678929779,93.31103678929779,3.5841313269493713,84,93.31103678929779,
BJRI,65.88192683810213,6,,1,88.41259209645008,88.41259209645008,7.641921397379914,85,88.41259209645008,
BBUC,65.51345414607358,6,,,79.90373044524668,83.93881453154872,6.934306569343065,81,85.96237337192473,65.49
VEEV,65.3421007879372,6,1,,79.16264478764478,79.16264478764478,5.598601206801969,85,82.14686728048505,
NIC,65.13157894736842,5,,,85.92734225621416,91.99178644763859,5.334206005072413,78,91.99178644763859,
ASND,64.73129894679988,5,,,82.87615974183133,86.64067309665504,8.01560758082497,86,86.64067309665504,
ISNPY,64.31802076447116,5,,,92.00913242009136,92.00913242009136,3.901591895803181,86,92.00913242009136,
SII,64.30617026815935,6,,,84.77321814254856,84.77321814254856,7.542386309618124,91,84.77321814254856,112.91
IBM,63.94101073077155,5,,,84.18112906443251,89.76672909926785,5.942150875781621,83,94.77106475209962,
SMSMY,63.88012618296531,6,,,93.87755102040816,93.87755102040816,7.058823529411754,85,93.87755102040816,146.14
PAC,63.70208702769064,5,,,81.95571955719558,81.95571955719558,5.066244479626696,87,81.95571955719558,
VLGEA,63.4106634106634,5,,,82.55659121171769,82.55659121171769,11.15815691158156,76,90.55876685934486,
HCSG,63.37719298245615,6,2,,92.82051282051282,92.82051282051282,5.866302864938604,87,92.82051282051282,
WOR,62.909186906019,5,,,99.411331861663,99.411331861663,4.729950900163667,89,99.411331861663,
DRI,62.512880906815816,5,,,88.49485652409307,91.48665819567982,3.7456406540151193,85,91.48665819567982,
DTEGY,62.412896515860616,5,,,74.89469250210618,85.66666666666667,3.867827868852454,81,91.58075601374578,
WWD,62.26195369228663,5,,,94.2355117139334,94.2355117139334,9.883058217587704,87,94.2355117139334,
ALIZY,62.22641509433963,5,,,90.29585798816575,90.29585798816575,2.3457734145679523,81,92.8104575163399,
CNM,62.22461042450297,5,,,78.43137254901958,81.84494602551518,12.139781384564435,84,90.82125603864733,
BNPQY,62.115451088835115,5,,,84.11386593204773,84.11386593204773,3.2983174574913185,83,84.30851063829793,
JCI,61.71668480796143,5,,,97.36174530695081,97.36174530695081,4.711538461538467,88,97.36174530695081,
SSREY,61.689655172413794,5,,,80.0166527893422,83.72641509433966,3.7159920371599195,79,99.10394265232974,
SBS,61.37404580152672,5,,,94.14758269720109,94.14758269720109,3.2882011605415844,84,94.14758269720109,
TXNM,61.10798650168727,6,,,83.70253164556961,85.96750369276222,1.2451771308312887,84,92.08633093525184,94.04
CFRUY,61.10260336906583,5,,,82.57142857142858,93.12267657992564,3.287380699893961,74,93.12267657992564,
WRLD,61.036920659858595,5,,,80.57833405265431,84.89291915878835,6.25,86,88.38883888388841,
RBKB,60.95890410958904,6,1,,84.54106280193241,85.71428571428575,2.0442930153321996,84,88.52459016393439,
KEN,60.87516087516088,6,,,81.969696969697,81.969696969697,6.133333333333326,85,81.969696969697,60.91
BHKLY,60.72838177251525,5,,,79.19725893294176,79.19725893294176,7.04475945976114,87,79.19725893294176,
FYBR,60.49938600081867,5,,,88.33333333333331,88.33333333333331,0.6310013717421233,69,88.33333333333331,
CHTR,60.40076335877862,5,,,88.64285011317783,88.64285011317783,4.325948178745769,74,88.64285011317783,
BHF,60.30000000000001,6,,,87.46690203000877,89.1229789318961,4.6581267675927425,82,94.1379310344827,93.01
RGLD,60.19044437019713,5,,,91.54481881754619,91.54481881754619,7.312653235262764,82,96.3267543859649,
WMT,59.811807558051285,5,,,81.00649350649348,95.29411764705875,4.083655466349494,79,98.81209503239741,
FNV,59.70718722271518,5,,,87.32638888888894,89.2443208159481,7.850436135340849,86,96.72789896670497,
APG,59.21951219512196,6,,1,96.17058311575285,96.17058311575285,6.168300653594778,87,96.17058311575285,
ULTA,59.211675997540546,5,,,82.57868354014299,82.57868354014299,4.730543898283954,84,84.98648071723352,
EHAB,59.124087591240894,5,,,93.9058171745152,93.9058171745152,6.8807339449541285,84,93.9058171745152,
USFD,59.12087912087913,5,,,90.06578947368426,90.06578947368426,3.4639123315279003,83,91.37554585152833,
MMM,59.11866476694483,5,,,77.23523589574397,90.31886285055701,4.2161799261497155,72,91.3202042304888,
NFG,58.91005091457664,5,,,87.0772946859904,91.82222222222221,3.9753174320635987,85,91.82222222222221,
TBPH,58.87096774193547,6,1,,86.231884057971,86.231884057971,15.651438240270723,80,86.231884057971,
FORTY,58.775981524249424,5,,,94.62851405622487,94.62851405622487,0.0,87,100.0,
BK,58.49947534102833,5,,,100.0,100.0,2.983425414364644,81,100.0,
CAAP,58.43179377013964,5,,,82.98319327731095,82.98319327731095,4.07088122605363,77,88.78281622911693,
BTI,58.40211290855068,5,,,93.41917024320456,93.41917024320456,6.127553147144639,85,98.42767295597493,
WELL,58.344152601617914,5,,,79.1294209094442,80.36154478225143,4.560051380860626,76,91.82724252491684,
ORANY,58.12500000000001,5,,,71.89349112426032,87.29641693811075,2.9790115098171936,82,87.29641693811075,
BMI,57.908367762224835,7,1,,90.17763845350053,90.17763845350053,4.268197438300523,81,90.17763845350053,54.21
BWFG,57.89473684210525,5,,,90.03931847968548,90.03931847968548,4.485929228197268,81,90.03931847968548,
SIEGY,57.6636087235668,5,,,82.34735843087631,84.27707531610776,4.072059444263039,78,86.68197474167626,
AXAHY,57.60309278350516,6,,,93.87129724208374,93.87129724208374,3.066230580539657,84,93.87129724208374,59.88
AXS,57.58600411643635,5,,,91.86560565870909,91.86560565870909,4.701931150293864,82,91.86560565870909,
TCI,57.45098039215686,6,,1,89.79187314172447,89.79187314172447,7.872174590802808,85,89.79187314172447,
MCK,57.404018001335025,5,,,92.27053140096614,92.27053140096614,3.943130832117604,78,92.33545647558384,
NC,57.40373163953949,5,,,75.77092511013224,86.48648648648651,5.987394957983196,79,87.218045112782,
TKOMY,57.12499999999999,5,,,84.7708894878706,84.7708894878706,4.511876349585179,78,88.90074706510146,
HSBC,57.01598579040854,5,,,86.18376928236086,86.18376928236086,2.3797719385225546,82,86.18376928236086,
DE,56.90182245737802,5,,,88.755980861244,88.755980861244,4.749049429657798,80,88.755980861244,
BLX,56.667884545122405,5,,,83.10580204778154,84.6580406654344,3.460620525059656,81,84.6580406654344,
SSBK,56.14035087719298,6,,,83.98203592814363,83.98203592814363,4.3877258388299225,71,94.8626045400239,74.46
KAR,56.023316062176164,6,1,,95.10022271714925,95.10022271714925,6.392694063926937,83,95.10022271714925,
RYAAY,55.952380952380956,5,,,84.40797186400938,84.40797186400938,4.129077029840393,82,84.40797186400938,
STVN,55.495169082125614,5,,,71.14093959731542,71.14093959731542,12.382509194932561,71,98.93048128342248,
BWB,55.32319391634981,7,,1,83.64055299539169,83.64055299539169,5.901639344262297,73,83.72641509433963,90.46
CPBI,55.310621242484956,5,,,66.26506024096393,66.66666666666674,2.550335570469804,76,88.37209302325553,
RBA,55.25081710956372,5,,,86.64451827242523,88.5606874328679,2.8951560011243354,78,92.13002566295978,
SGI,55.12877442273536,5,,,75.78947368421052,88.06584362139917,5.592503022974601,82,88.06584362139917,
DBSDY,55.06110937010341,6,1,,96.79658302189004,96.79658302189004,8.043654001616813,75,96.79658302189004,
AL,54.95424836601308,6,,1,98.77955758962621,98.77955758962621,3.7835986988529253,84,98.77955758962621,
THFF,54.91329479768786,5,,,81.24018838304549,84.98942917547579,4.551565200691372,76,85.52534900808226,
KT,54.80916030534353,5,,,93.61702127659564,93.61702127659564,5.982905982905989,82,93.61702127659564,
LOPE,54.77848343408065,5,,,92.08937198067632,93.39233038348081,9.083708727290727,77,94.3013100436681,
AZEK,54.76324689966179,5,,,82.32876712328768,81.989247311828,9.089229632366527,82,87.26003490401396,
GPOR,54.73004153207198,5,,,84.77047146401985,98.86749716874299,5.77737447065941,79,98.86749716874299,
BFC,54.5974025974026,6,,,87.95240456122953,87.95240456122953,3.688489516474102,81,96.05418138987042,291.63
BVN,54.17391304347826,6,1,,84.9872773536896,84.06862745098039,11.990820424555364,84,84.06862745098039,
EBAY,54.02165506573859,5,,,87.82112274024736,87.82112274024736,8.573939241777554,85,87.82112274024736,
TRP,53.95321291086762,5,,,80.92672413793102,85.64516129032256,5.0394306597422664,73,94.36008676789591,
GNTY,53.94783851375493,5,,,81.10882956878848,87.21340388007053,4.602909611256855,77,87.21340388007053,
RRC,53.719311102968135,5,,,85.17618469015797,90.9316770186335,5.970528455284557,73,90.9316770186335,
EQH,53.59297860669226,5,,,78.25311942958999,95.54597701149423,6.420021762785636,81,95.54597701149423,
CHKP,53.26662742789877,5,,,81.84639255236615,93.12739463601531,3.7685002994268126,78,98.19277108433742,
WMB,52.610739915862425,5,,,79.18015102481121,81.00092678405929,3.710333604556552,80,88.78612716763,
MYFW,52.574002574002584,6,,,81.48734177215188,88.12095032397401,5.230914231856736,71,89.06976744186042,130.53
SRBK,52.00445434298441,7,1,,86.41975308641972,86.41975308641972,7.865168539325835,83,94.07894736842107,60.50
MURGY,51.77610333692143,5,,,87.3239436619718,87.3239436619718,2.7047332832456887,77,98.92307692307683,
DNKEY,51.37376879212028,6,,1,86.87350835322194,86.87350835322194,4.452054794520548,84,92.5806451612903,
MGYR,51.077788191190265,6,,,79.91631799163179,79.91631799163179,3.1637717121588187,81,91.7874396135265,63.25
DBD,50.741926098341594,5,,,77.48226950354612,77.48226950354612,7.684805929393416,77,82.12039532794248,
ASTE,50.351370344342925,5,,,86.92628650904037,86.92628650904037,5.850673194614444,78,86.92628650904037,
ESLOY,50.33362344067306,5,,,70.9533128319821,94.88372093023258,3.1954473521489857,72,94.88372093023258,
CNH,49.46120689655172,5,,,88.43283582089556,94.59459459459455,5.687932359723292,69,94.59459459459455,
TELNY,49.38388625592416,5,,,81.43322475570032,91.12426035502958,2.613855035279029,81,91.12426035502958,
THG,49.323082065853264,5,,,80.07600434310538,78.35258663987945,5.473472128945602,75,89.81876332622602,
PCLB,49.31751509922348,5,,,100.0,100.0,2.870397216584523,73,100.0,
WRB,49.267148719953084,5,,,86.80000000000001,86.80000000000001,5.408271474019085,80,94.84304932735432,
DMYY,49.23076923076922,7,1,,89.15662650602417,100.0,9.793814432989688,88,100.0,391.59
NI,48.99352983465134,5,,,71.18279569892469,90.8376963350785,2.8564269606614725,73,93.26424870466309,
UVV,48.99314007523789,7,1,,96.04519774011298,96.04519774011298,13.01431127012522,75,96.04519774011298,53.59
EHC,48.81556683587141,5,,,88.73615883925162,88.73615883925162,4.320636725412161,83,88.73615883925162,
FER,48.8132911392405,6,,,89.20233463035015,89.20233463035015,3.441064638783274,80,95.22471910112355,116.61
MNST,48.77654662973223,5,,,87.91540785498484,87.91540785498484,2.2333281274402617,78,87.91540785498484,
CM,48.71249201957862,5,,,93.24675324675322,93.24675324675322,2.604920405209837,81,96.14093959731548,
KBCSY,48.63532700654748,5,,,79.48523845571536,84.05197873597163,2.8905167293605243,83,84.05197873597163,
GHC,48.6090775988287,5,,,83.79233479542673,83.79233479542673,3.976621356043238,72,83.79233479542673,
SXT,48.578772301179306,7,1,,92.57903494176368,92.57903494176368,4.9443252630503665,85,92.57903494176368,111.86
CIB,48.578042328042336,5,,,73.3410942956927,92.33296823658266,6.9668458781361995,76,92.33296823658266,
RBC,48.31689248838908,5,,,85.97863697908825,88.13384813384816,8.007039155301362,79,89.43361753958594,
GTPS,47.78325123152709,5,,,100.0,100.0,2.631578947368421,82,100.0,
IBDRY,47.63973928500888,5,,,84.13284132841324,84.13284132841324,2.160953800298061,84,98.48812095032397,
SWDBY,47.51469802244789,5,,,87.05882352941177,87.05882352941177,5.307971014492753,76,87.16216216216228,
OLLI,47.45292129406084,5,,,77.7171937477281,82.42122719734658,12.795503388989918,81,91.65154264972772,
SCHW,47.270939190296666,5,,,94.90566037735843,94.90566037735843,1.9627749576988256,81,94.90566037735843,
HG,47.004608294930875,5,,,87.53117206982536,87.53117206982536,7.926556202418269,67,87.53117206982536,
AAMI,46.946386946386944,5,,,85.35714285714286,85.35714285714286,6.904231625835183,84,85.35714285714286,
AMADY,46.92147186433941,5,,,83.10463121783877,83.10463121783877,2.8993116322482786,75,88.29663962920029,
V,46.814404432132974,5,,,89.08433734939764,96.68746999519924,2.975741239892189,79,96.68746999519924,
HBCP,46.78720445062587,6,,,81.99445983379498,83.0841121495327,4.703595724003891,78,85.59423769507801,139.39
TT,46.43971155458663,5,,,97.24236431553506,97.24236431553506,3.1372639019576374,81,97.24236431553506,
ENLT,45.895788722341194,5,,,92.47572815533984,92.47572815533984,6.311154598825844,78,92.47572815533984,
DANOY,45.74649050371594,6,,,85.9315589353612,88.7218045112783,3.356481481481492,77,98.23008849557526,60.42
STN,45.695545230937405,6,,,92.56550883607557,92.56550883607557,3.826674169949351,84,92.56550883607557,57.95
ADRNY,45.645543883429326,5,,,92.34693877551027,92.34693877551027,3.4369114877589304,78,92.34693877551027,
AM,45.46493902439026,5,,,93.18181818181819,96.7213114754099,3.6678019386953067,78,96.7213114754099,
INTU,45.21064884349656,5,,,89.43944636678201,89.43944636678201,3.2464929859719454,84,91.81150664559908,
CTVA,44.57108578284343,5,,,95.20333680917615,95.20333680917615,2.973720608575369,83,95.20333680917615,
BCH,44.39909297052154,6,,,87.15953307392994,88.21656050955411,3.664072632944225,81,88.21656050955411,51.23
NRDBY,44.367530412326076,7,,1,98.61751152073735,98.61751152073735,2.667116812964222,75,98.61751152073735,88.35
ING,44.29708222811672,6,,1,81.73913043478255,89.20086393088559,2.380952380952388,77,96.02272727272725,
YARIY,44.22110939907549,5,,,90.87378640776701,90.87378640776701,2.699784017278618,82,90.87378640776701,
SPR,44.14814814814815,5,,,92.73182957393486,92.73182957393486,3.905447070914705,79,94.20600858369106,
BAP,43.765903307888024,5,,,87.28789186079956,87.28789186079956,4.942137508509184,80,88.86332259549026,
LZAGY,43.70588235294119,5,,,91.57782515991492,91.57782515991492,2.800400057151013,76,91.57782515991492,
LSBK,43.64406779661015,6,1,,80.28169014084511,81.74807197943443,1.7034700315457385,72,81.74807197943443,
JAPSY,43.603851444291614,5,,,85.78680203045687,85.78680203045687,3.7356321839080344,78,85.78680203045687,
GFL,43.40871483728627,5,,,78.65853658536584,90.51724137931049,4.943114947038047,76,98.00399201596804,
AER,43.376718160807705,5,,,99.28057553956835,99.28057553956835,3.283278187834058,82,99.28057553956835,
EPR,43.24053172811639,5,,,86.16236162361622,90.70680628272251,3.817194887060059,80,90.70680628272251,
EADSY,42.99120234604105,6,,,80.39430449069005,83.57142857142863,6.5164068908941735,74,89.10256410256409,62.45
RPRX,42.7027027027027,6,,1,64.80186480186471,95.11041009463725,3.8857815719752735,74,95.11041009463725,
ADP,42.66009426211787,5,,,92.386685552408,92.386685552408,3.6765374473373122,72,92.386685552408,
KRYAY,42.48200984724152,5,,,70.10688042752172,77.2678762006403,2.6190689747959475,72,82.14990138067058,
RTX,42.41445442616333,5,,,86.43259644560032,86.43259644560032,4.011623786235734,77,87.29281767955804,
PLPC,42.09705531602605,6,,,75.21066039584561,92.39232945614594,8.867738759435504,80,92.39232945614594,236.31
CICHY,41.904047976011995,5,,,89.58333333333329,89.58333333333329,6.708927628103538,82,90.17857142857143,
TLGPY,41.872791519434614,5,,,85.71428571428564,85.71428571428564,2.521793275217929,83,85.71428571428564,
BMO,41.72512340867756,5,,,100.0,100.0,2.0439963336388542,77,100.0,
ABT,41.64075819877645,5,,,72.47043363994746,87.8886478669559,3.2539565153083907,71,87.8886478669559,
WTS,41.51223128243142,7,1,,88.29259652851579,88.29259652851579,4.143088116410671,79,88.73476250525437,54.18
SLF,41.26265890971775,5,,,89.06752411575563,89.06752411575563,2.303233679072613,78,96.00967351874246,
PBH,41.15065057219001,5,,,74.45378151260505,77.59197324414713,2.4171993027309684,68,98.55072463768116,
PSMT,40.87214552960907,5,,,83.0774479699761,83.0774479699761,3.7182892206246017,82,83.0774479699761,
FHI,40.58898847631243,5,,,94.42934782608691,94.42934782608691,2.601969057665259,73,94.42934782608691,
HCMLY,40.490081680280035,5,,,86.97674418604662,86.97674418604662,6.423982869379015,73,93.11224489795912,
BSAC,40.35184167124793,5,,,80.20134228187914,89.04494382022477,4.158336665333877,79,89.04494382022477,
RSG,39.811963041011516,5,,,85.89195491643994,85.89195491643994,4.80386473429952,76,87.84119106699762,
MO,39.767282683093775,5,,,80.37383177570081,80.37383177570081,3.252299605781872,67,94.31818181818197,
PAYX,39.722703639514734,5,,,88.67801047120423,88.67801047120423,3.5723145621434007,72,88.67801047120423,
HMN,39.704495441685,5,,,77.90055248618789,84.29752066115701,3.562514181983209,72,86.4661654135337,
NTR,39.45983062485695,5,,,89.94368463395013,90.13785790031814,2.937797472509436,80,90.13785790031814,
TRV,38.76929224314469,5,,,79.13294797687865,79.13294797687865,5.3629917575495725,71,91.61969184517102,
MKL,38.40633655929122,5,,,92.4507251766455,92.4507251766455,3.7987383142053672,74,92.4507251766455,
CPA,38.395200599925005,5,,,89.23654568210264,89.23654568210264,6.393931183960984,76,89.23654568210264,
FAST,38.331160365058665,5,,,73.29434697855753,77.0142180094787,4.633569739952705,74,86.85446009389678,
MA,37.84451802453014,5,,,92.13068181818186,92.13068181818186,2.997496447662209,76,92.13068181818186,
ENB,37.109826589595365,5,,,91.35618479880776,91.35618479880776,3.499156829679588,72,91.35618479880776,
PINC,36.81765389082462,5,,,98.77149877149884,98.77149877149884,3.831417624521067,77,98.77149877149884,
NEU,36.81458333333334,6,,,89.02731912338643,89.02731912338643,5.1940734875363574,78,89.02731912338643,108.28
ICE,36.079139396674925,5,,,99.74380871050383,99.74380871050383,3.3777433799546603,72,99.74380871050383,
HDB,35.84905660377359,5,,,94.97206703910618,91.89189189189189,4.102366255144048,83,91.89189189189189,
CTAS,35.276761477634835,5,,,83.24924318869832,83.24924318869832,2.8659919734775876,73,94.8640483383686,
FCFS,35.24541101356744,5,,,85.39249146757686,91.8146718146718,6.403903331554465,75,91.8146718146718,
NTB,32.00849514563106,5,,,90.31791907514457,90.31791907514457,4.895426338772686,79,90.31791907514457,
